destino,acompanante,clima,temperatura,hora,cupon,vigencia_cupon,genero,edad,estado_civil,tiene_hijos,educacion,ocupacion,ingreso,vehiculo,frecuencia_bar,frecuencia_cafeteria,frecuencia_comida_para_llevar,frecuencia_restaurante_menos_20,frecuencia_restaurante_20_a_50,tiempo_cupon_mayor_5min,tiempo_cupon_mayor_15min,tiempo_cupon_mayor_25min,misma_direccion,direccion_opuesta,prediccion_acepta_cupon
Trabajo,Solo,Soleado,55,7:00 a.m.,Cafetería,2 horas,Femenino,50 o más,Divorciado(a),Sí,Posgrado (Maestría o Doctorado),Jubilado(a),$12.500 - $24.999,,1 a 3,4 a 8,4 a 8,4 a 8,menos de 1,Sí,Sí,No,No,Sí,Sí
Sin lugar urgente,Amigo(s),Soleado,80,10:00 a.m.,Cafetería,2 horas,Femenino,31,Unión libre,No,Estudios universitarios sin título,Apoyo Administrativo y de Oficina,$75.000 - $87.499,,menos de 1,1 a 3,más de 8,4 a 8,1 a 3,Sí,No,No,No,Sí,Sí
Sin lugar urgente,Amigo(s),Soleado,80,2:00 p.m.,Cafetería,2 horas,Femenino,31,Soltero(a),No,Pregrado,Transporte y Manejo de Materiales,$25.000 - $37.499,,menos de 1,1 a 3,4 a 8,más de 8,menos de 1,Sí,Sí,No,No,Sí,Sí
Sin lugar urgente,Pareja,Soleado,80,10:00 a.m.,Cafetería,2 horas,Masculino,50 o más,Casado(a),Sí,Estudios universitarios sin título,Computación y Matemáticas,$50.000 - $62.499,,nunca,más de 8,nunca,4 a 8,menos de 1,Sí,No,No,No,Sí,Sí
Sin lugar urgente,Amigo(s),Soleado,80,6:00 p.m.,Restaurante(<20),2 horas,Femenino,26,Soltero(a),No,Técnico/Tecnólogo,Desempleado(a),Menos de $12.500,,1 a 3,menos de 1,4 a 8,menos de 1,4 a 8,Sí,Sí,No,No,Sí,No
Sin lugar urgente,Hijo(s),Soleado,80,2:00 p.m.,Restaurante(<20),1 día,Masculino,26,Casado(a),Sí,Pregrado,Computación y Matemáticas,$25.000 - $37.499,,menos de 1,1 a 3,1 a 3,1 a 3,1 a 3,Sí,No,No,No,Sí,Sí
Sin lugar urgente,Solo,Soleado,80,2:00 p.m.,Restaurante(<20),2 horas,Femenino,36,Soltero(a),Sí,Posgrado (Maestría o Doctorado),"Educación, Formación y Bibliotecología",$37.500 - $49.999,,menos de 1,nunca,4 a 8,1 a 3,menos de 1,Sí,Sí,No,No,Sí,No
Sin lugar urgente,Amigo(s),Soleado,80,6:00 p.m.,Restaurante(<20),1 día,Femenino,46,Casado(a),Sí,Estudios universitarios sin título,Cuidado Personal y Servicios,$37.500 - $49.999,,nunca,menos de 1,menos de 1,1 a 3,menos de 1,Sí,Sí,No,No,Sí,Sí
Sin lugar urgente,Amigo(s),Soleado,80,2:00 p.m.,Restaurante(<20),2 horas,Femenino,31,Casado(a),No,Estudios universitarios sin título,Desempleado(a),$50.000 - $62.499,,nunca,nunca,1 a 3,más de 8,1 a 3,Sí,Sí,No,No,Sí,Sí
Casa,Solo,Soleado,80,6:00 p.m.,Cafetería,1 día,Femenino,50 o más,Soltero(a),No,Bachillerato completo,Gerencia,$37.500 - $49.999,,menos de 1,menos de 1,menos de 1,menos de 1,1 a 3,Sí,No,No,No,Sí,No
Casa,Solo,Soleado,80,6:00 p.m.,Restaurante(<20),2 horas,Masculino,36,Casado(a),Sí,Posgrado (Maestría o Doctorado),Transporte y Manejo de Materiales,$87.500 - $99.999,,menos de 1,menos de 1,menos de 1,1 a 3,menos de 1,Sí,No,No,Sí,No,No
Trabajo,Solo,Soleado,80,7:00 a.m.,Cafetería,2 horas,Femenino,41,Soltero(a),Sí,Técnico/Tecnólogo,Ventas y afines,$25.000 - $37.499,,menos de 1,menos de 1,4 a 8,4 a 8,1 a 3,Sí,No,No,Sí,No,Sí
Sin lugar urgente,Amigo(s),Soleado,80,6:00 p.m.,Restaurante(<20),1 día,Masculino,36,Soltero(a),No,Estudios universitarios sin título,Computación y Matemáticas,$37.500 - $49.999,,menos de 1,1 a 3,4 a 8,1 a 3,menos de 1,Sí,Sí,No,No,Sí,Sí
Trabajo,Solo,Soleado,55,7:00 a.m.,Cafetería,1 día,Femenino,26,Soltero(a),Sí,Estudios universitarios sin título,Apoyo Administrativo y de Oficina,$37.500 - $49.999,,1 a 3,nunca,1 a 3,1 a 3,1 a 3,Sí,Sí,No,No,Sí,No
Casa,Solo,Lluvioso,55,10:00 p.m.,Cafetería,1 día,Masculino,21,Soltero(a),No,Pregrado,Desempleado(a),$50.000 - $62.499,,menos de 1,1 a 3,1 a 3,menos de 1,menos de 1,Sí,No,No,Sí,No,Sí
Sin lugar urgente,Solo,Soleado,80,10:00 p.m.,Restaurante(<20),1 día,Masculino,31,Soltero(a),No,Pregrado,Apoyo Administrativo y de Oficina,$25.000 - $37.499,,nunca,menos de 1,menos de 1,menos de 1,menos de 1,Sí,No,No,No,Sí,Sí
Sin lugar urgente,Amigo(s),Soleado,80,10:00 p.m.,Cafetería,1 día,Masculino,31,Casado(a),Sí,Bachillerato completo,Computación y Matemáticas,$87.500 - $99.999,,nunca,1 a 3,menos de 1,4 a 8,menos de 1,Sí,Sí,No,No,Sí,Sí
Casa,Pareja,Lluvioso,55,6:00 p.m.,Cafetería,1 día,Masculino,31,Casado(a),No,Pregrado,Arquitectura e Ingeniería,$75.000 - $87.499,,menos de 1,nunca,1 a 3,1 a 3,1 a 3,Sí,No,No,Sí,No,No
Sin lugar urgente,Solo,Soleado,80,10:00 a.m.,Restaurante(<20),2 horas,Masculino,41,Casado(a),Sí,Estudios universitarios sin título,Negocios y Finanzas,$100.000 o más,,menos de 1,menos de 1,1 a 3,1 a 3,menos de 1,Sí,No,No,No,Sí,Sí
Sin lugar urgente,Pareja,Nevado,30,10:00 a.m.,Restaurante(<20),1 día,Masculino,26,Soltero(a),No,Pregrado,Ventas y afines,$75.000 - $87.499,,nunca,nunca,1 a 3,4 a 8,1 a 3,Sí,No,No,No,Sí,Sí
